,x
1, 이낙연 韓은 얕은 지식으로 일 그르쳤고 日은 감춰진 오만 쏟아냈다 
2, 구글 바드 출격에 화가 등판 엔비디아까지 생성 戰 후끈 
3, 열 재벌 안 부러운 게임왕 2022 재계 연봉 이모저모 
4, 단독 배달 플라스틱 쓰레기 줄인다 고 쓴 세금 900억원 오히려 2배 늘었다 지구 뭐래 
5, 천안함 희생장병 묘역 찾은 국가 번영 안보 위한 기도 드릴 것 
6, 가짜뉴스 문제 지적한 칼럼 정정한 중앙일보 
7, 수출규제 해제 방침에 日경산상 결정 환영 韓 복구는 신중하게 
8, 이재명 기소에 野 당무위 속전속결 절차 돌입 비명계는 부글 
9, 태영호 우상호에게 갑질 당했다 진짜 초선은 가만 있어라 하다니 
10, 룰라 브라질 대통령 관리직 공무원 30 흑인 할당 서명 
11, 메시가 왜 여기서 축구의 신 등장한 아르헨 식당 수백명 군중 계탔다 영상 
12, 단독 에쓰오일 노조 성과급 차등 지급 반발 등급별 900 1200 
13, 왕의 귀환 신동빈 보수 한도 늘리고 롯데칠성 복귀 
14, 단기적 이익보단 완전판매 공정 보험금 지급 노력 필요 
15, 한국판 외청 형태로는 한계 대체입법 나선 野 
16, 소액생계비대출 사전예약 몰려 홈페이지 접속 지연 
17, 민주 민생 4대 폭탄 대응단 출범 李 尹정권 무책임이 위협 
18, 日경산상 韓화이트리스트 복원 관련 수출관리 확실히 확인 
19, 1인 1대 노트북 에듀테크부터 기초학력까지 지역교육이 미래다 
20, 효성 부실 계열사 이익 몰아주기 의혹 심의절차 종료 제재 없어 
21, 단독 배달 플라스틱 쓰레기 줄인다 고 쓴 세금 900억원 오히려 2배 늘었다 지구 뭐래 
22, 이앤피 박원석 與 국회의원 증원 반대 기득권 때문 600명은 돼야 정치개혁 
23, 민주당 쌀 의무매입법 尹 거부하면 농민을 적으로 돌리는 것 
24, 현장영상 공시가격 지난해보다 18 6 하락 시세반영 비율 하향 
25, 주69시간제 청년이 원한다 청년 50만명 그냥 쉬었다 
26, 뉴스1 고귀한 희생 잊지 않겠다 5년만에 천안함 묘역 참배 
27, 집값 바닥인걸까 2월 집 더 비싸게 산 비율 2배 늘었다 부동산360 
28, 뉴스앤이슈 한일 정상회담 후폭풍 탄핵 사유 해당 미래 위한 결단 
29, 완연한 봄날씨 서울은 현재 최고기온 25도
30, 초여름 날씨 보인 3월
